{
  "account_type": {
    "precision": 1.0,
    "recall": 0.6,
    "f1-score": 0.7499999999999999,
    "support": 5,
    "confused_with": {}
  },
  "account": {
    "precision": 1.0,
    "recall": 1.0,
    "f1-score": 1.0,
    "support": 8,
    "confused_with": {}
  },
  "micro avg": {
    "precision": 1.0,
    "recall": 0.8461538461538461,
    "f1-score": 0.9166666666666666,
    "support": 13
  },
  "macro avg": {
    "precision": 1.0,
    "recall": 0.8,
    "f1-score": 0.875,
    "support": 13
  },
  "weighted avg": {
    "precision": 1.0,
    "recall": 0.8461538461538461,
    "f1-score": 0.9038461538461539,
    "support": 13
  }
}